Skeleton ID,Nuchal Crest,Mastoid Process,Supraorbital Margin,Supraorbital Ridge,Mental Eminence,Cranial Morphology - Sex,Preauricular Sulcus,Sciatic Notch,Ventral Arc,Subpubic Concavity,Ischiopubic Ramus,Pelvis Morphology - Sex,Suchey-Brooks Phase (M),Suchey-Brooks Phase (F),Todd Stage,Pubic Symphysis Age,Auricular Surface Age,Midlambdoid (1),Lambda (2),Obelion (3),Anterior Sagittal (4),Bregma (5),Midcoronal (6),Pterion (7),Sphenofrontal (8),Inferior Sphenotemporal (9),Superior Sphenotemporal (10),Vault Sutural Age,Lateral-Anterior Sutural Age,Basilar Suture,Lateral to Squama (Occipital),Basilar to Lateral (Occipital),C Verts - Neural Arch Complete,C Verts - Neural Arch to Body,C Verts - Epipyses Fused,T Verts - Neural Arch Complete,T Verts - Neural Arch to Body,T Verts - Epipyses Fused,L Verts - Neural Arch Complete,L Verts - Neural Arch to Body,L Verts - Epipyses Fused,Medial Clavicle,Proximal Humerus,Medial Epicondyle Humerus,Distal Humerus,Proximal Radius,Distal Radius,Proximal Ulna,Distal Ulna,Sacrum 1-2,Sacrum 2-3,Sacrum 3-4,Innominate (acetabulum),Ischial Tuberosity,Iliac Crest,Femur Head,Greater Trochanter Femur,Distal Femur,Proximal Tibia,Distal Tibia,Proximal Fibula,Distal Fibula,Epiphyseal Closure - Subadult Age,Tooth Eruption - Subadult Age,Notes on Age, Sex, or Height,Sex from Measurements,Age from Dental Wear (Lovejoy 1985)
"ET10",,,,,,,"Prob Male (Absent)","Probably Male (4)","Ambiguous","Male","Male","Male",,,,"31-40","Phase 4 35-39",,,,,,,,,,,,,,,,,,,,,,,,,,,,,,,,,,,,,,,,,,,,,,,,,"Probably Male",
"ET100",,,,,,,,,,,,,,,,,,,,,,,,,,,,,,"1","1","1","1","1","1","1","1","1",,,,,,,,,,,,,,,"1",,"1","1","1",,,,,,"Birth - 5","6mo, 3mo","Dental development indicates a child between .4 and .7 years old (5-8 months old).",,
"ET102","4","4","4","4","3","Prob Male","Prob Male (Absent)","Male (5)","Male","Male","Male","Male","Phase 4 23-57",,"Phase 8 40-45","35-45","Phase 5 40-44","2","2","3","2","2","2","2","3","3","0","45.2, 12.6","51.9, 12.5",,,,,,,,,,,,,,,,,,,,,,,,,,,,,,,,,,,,"Both dental wear and cranial suture closure are too old.  Based on the pubic symphyses and auricular surface, he was probably around 40-45 years old.","Probably Male","I 45-55"
"ET103","2","4","2","3","3","Ambiguous","Prob Male (Absent)","Probably Male (4)","Male","Male","Male","Male","Phase 4 23-57",,"Phase 6 30-35","30-40","Phase 5 40-44","1","1","2","1","1","1","0","1","1","1","39.4, 9.1","41.1, 10.1",,,,,,,,,,,,,,,,,,,,,,,,,,,,,,,,,,,,"Sex determination is a little ambiguous for this individual.  Even though the Phenice method produced male results, the measurements indicated female.  Nonmetric traits are inconclusive.  See notes.  Age is similarly indeterminate.","Probably Female","F 30-35"
"ET11","3",,"4","3",,"Ambiguous","Prob Female (Present)","Probably Female (2)",,,,"Prob Female",,,,"30-40","Phase 3 30-34","1","0","1","1","1","1","1","2","0","0","34.7, 7.8","41.1, 10.1",,,,,,,,,,,,,,,,,,,,,,,,,,,,,,,,,,,,"This was probably a female in her mid 30s.","Probably Female",
"ET15A","2",,,,,"Ambiguous","Prob Female (Present)","Probably Female (2)","Female","Female","Female","Female",,"Phase 3 21-53","Phase 6 30-35","31-40","Phase 4 35-39",,,,,,,,,,,,,,,,,,,,,,,,,,,,,,,,,,,,,,,,,,,,,,,,,"Probably Female",
"ET15B",,,,,,,,"Probably Male (4)","Male","Male","Male","Male","Phase 4 23-57",,"Phase 7 35-39","35-40","Phase 4 35-39",,,,,,,,,,,,,,,,,,,,,,,,,,,,,,,,,,,,,,,,,,,,,,,,,"Probably Male",
"ET16",,,,,,,,,,,,,,,,,,,,,,,,,,,,,,"1","1","1","1",,,,,,,,,,,,,,"1","1","1",,,,,,,"1","1","1","1",,,,"Birth - 5","1, 4mo","Child of about 12-18 months old based on dental development and long bone measurement.",,
"ET17",,,,,,,,,,,,,,,,,,,,,,,,,,,,,,"1","3","3","3","3","1","3","2","1","3","2","1","1","1","1","1","1","1","1","1","1",,,"1",,"1","1","1","1","1","1","1","1","5 - 10","8, 2","Long bone measurements indicate a child of 5-6, dental development indicates 8-9 years old.",,
"ET18","1","3","1","1","2","Female","Prob Male (Absent)","Probably Female (2)",,"Female","Female","Female",,,,"20-25","Phase 1 20-24",,,,,,,,,,,,,"3","3","3","3","3","2","3","3","2","3","3","2","2","3","3","3","3","3","3","3","1","3","3","3","2","2","3","3","3","3","3","3","3","20+","21+","This woman was probably about 20 years old based on epiphyseal closure of the iliac crest and eruption and occlusion of the M3s.","Probably Female","D 20-24"
"ET19",,,,,,,,,,,,,,,,,,,,,,,,,,,,,,,,,,,,,,,,,,,,,,,,,,,,,,,,,,,,,,,,,"Impossible to tell long bone length or epiphyseal closure because of the state of the bones.  No teeth present.  General size estimate would put this child around 2-4 years old.  Fibula measurement was over 60mm, but it is incomplete.",,
"ET20","4","4","3",,"5","Prob Male",,"Male (5)","Male","Male","Male","Male","Phase 4 23-57",,"Phase 7 35-39","31-40",,,,,,,,,,,,,,,,,,,,,,,,,,,,,,,,,,,,,,,,,,,,,,,,,,"Probably Male","H 40-50 X / 40-45 N"
"ET21",,,,,,,,,,,,,,,,,,,,,,,,,,,,,,"1","1","1","1","1","1","1","1","1","1","1",,,,,,,,,,,,,,,,,,,"1",,,,"Birth - 5","9mo, 3mo","Age is about 6-9 months based on dental development.",,
"ET22A",,,,,,,"Prob Female (Present)","Female (1)","Female","Female","Female","Female",,"Phase 4 26-70","Phase 7 35-39","35-40","Phase 4 35-39",,,,,,,,,,,,,,,,,,,,,,,,,,,,,,,,,,,,,,,,,,,,,,,,,"Probably Female",
"ET22B","4","4","4","3","3","Prob Male","Prob Male (Absent)","Probably Male (4)","Male","Male","Male","Male","Phase 3 21-46",,"Phase 5 27-30","25-30","Phase 2 25-29",,,,,,,,,,,,,,,,,,,,,,,,,,,,,,,,,,,,,,,,,,,,,,,,"Postcranial measurements indicate female for some reason.  This individual was a bit shorter than average, at about 5'3"", but the pelvis is clearly male.","Probably Female","C 18-22"
"ET23",,"2",,,"3","Ambiguous","Prob Female (Present)","Female (1)",,,,"Prob Female",,,,"31-40","Phase 3 30-34",,,,,,,,,,,,,,,,,,,,,,,,,,,,,,,,,,,,,,,,,,,,,,,,,"Probably Female","F 30-35"
"ET24A","3",,,,,"Ambiguous","Prob Male (Absent)","Probably Male (4)",,"Male",,"Prob Male",,,,"31-40","Phase 3 30-34",,,,,,,,,,,,,,,,,,,,,,,,,,,,,,,,,,,,,,,,,,,,,,,,"There is a raised surface on the ventral aspect of the pubic symphysis, but it appears to be pathological and not related to the sex of this individual, which I think was male.","Probably Male",
"ET24B",,"3",,,,"Ambiguous","Prob Male (Absent)","Male (5)",,,,"Prob Male",,,,,"Phase 5 40-44",,,,,,,,,,,,,,,,,,,,,,,,,,,,,,,,,,,,,,,,,,,,,,,,,"Probably Male","D 20-24"
"ET25",,,,,,,"Prob Female (Present)","Probably Female (2)","Female","Female","Female","Female",,"Phase 4 26-70","Phase 6 30-35","35-40","Phase 4 35-39",,,,,,,,,,,,,,,,,,,,,,,,,,,,,,,,,,,,,,,,,,,,,,,,,"Ambiguous",
"ET27","1","3","3","3","4","Ambiguous","Prob Male (Absent)","Male (5)","Male","Male","Male","Male",,,,,,,,,,,,,,,,,,"1","3","3","3","3","2","3","3","2","3","3","2","1","2","2","3","2","1","3","1","1","1","1","3","2","1","2","2","1","2","2","2","2","15 - 20","15, 3","Length of the femur indicates 14-15 years old.  M3s are all erupted, but I can't tell the development of the roots, which would pinpoint the age more closely.  So dental development means a range of 15-20 years old.  All epiphyses point to late teens.","Probably Male","F 30-35"
"ET30",,,,,,,,,,,,,,,,,,,,,,,,,,,,,,,,,,,,,,,,,,,,,,,,,,,,,,,,,,,,,,,,,"Adult based on size of bones, fused medial epiphysis of clavicle, and dental wear.  Unknown sex.",,
"ET31",,,,,,,,,,,,,,,,,,,,,,,,,,,,,,"1","1","1",,,,"1","1","1","1","1","1",,,,,,,"1",,,,,,,"1","1",,,,,,,"Birth - 5","3, 1","Dental development indicates a child between 3 and 4 years old.",,
"ET32","2",,,,,"Ambiguous","Prob Female (Present)","Female (1)","Female","Female","Female","Female",,"Phase 4 26-70","Phase 9 45-49","41-50","Phase 5 40-44",,,,,,,,,,,,,,,,,,,,,,,,,,,,,,,,,,,,,,,,,,,,,,,,"Can't pin down a very precise age on this woman, but probably early to mid 40s.","Probably Female",
"ET33","3","3","2","4","4","Ambiguous","Prob Male (Absent)","Ambiguous (3)","Male","Male","Ambiguous","Prob Male","Phase 4 23-57",,"Phase 7 35-39","35-40","Phase 4 35-39","2","2","3","3","1","2","3","3","1","1","48.8, 10.5","51.9, 12.5",,,,,,,,,,,,,,,,,,,,,,,,,,,,,,,,,,,,"Suture closure and dental wear are too old.  Pelvic signs all indicate this individual was in his late 30s.  Cranial and pelvic nonmetric traits are ambiguous, measurements indicate female, but pelvis is more or less clearly male.  See notes.","Probably Female","I 45-55"
"ET33B",,,,,,,,,,,,,,,,,,,,,,,,,,,,,,,,,,,,,,,,,,,,,,,,,,,,,,,,,,,,,,,"20+",,"Adult, probably male based on size of femora.","Probably Male",
"ET36",,,,,,,,,,,,,,,,,,,,,,,,,,,,,,,"3","3","3","3","1","3","2","1","3","2","1","1","1","1","1","1","1","1","1","1","1",,"1","1","1","1","1","1","1",,,,"5 - 10","10, 30mo","Dental development puts this individual at 10-11 years old.  Measurement of the femur only estimates 7-8 years old.  Epiphyseal closure cannot distinguish between 6-9 and 9-12 years old.  Based on size, I think this could be a 10-year-old.",,
"ET37",,,,,,,,,,,,,,,,,,,,,,,,,,,,,,,,,"3",,,,,,"3","3",,,,,,"1",,"1","1",,,,"1","1",,"1","1",,,,,,,"6, 2","Dental development puts this child around 6-7 years old.",,
"ET38","3","4","3","3","3","Ambiguous","Prob Male (Absent)","Probably Male (4)","Male","Male","Male","Male","Phase 4 23-57",,"Phase 7 35-39","35-45","Phase 5 40-44","2","2","3","2","2","1","0","0","1","1","45.2, 12.6","41.1, 10.1",,,,,,,,,,,,,,,,,,,,,,,,,,,,,,,,,,,,"Pelvis puts this individual around 35-45 and cranial suture closure at 40-45.  Because of the suture information, the auricular surface age, and the range of ages possible for the pubic symphysis, I'll put him in the 41-50 age category.","Probably Male","G 35-40"
"ET39",,,,,,,"Prob Male (Absent)","Ambiguous (3)","Male","Male","Male","Male","Phase 3 21-46",,"Phase 4 25-26","25-30","Phase 2 25-29",,,,,,,,,,,,,,,,,,,,,,,,,,,,,,,,,,,,,,,,,,,,,,,,"There donâ€™t appear to be any unfused epiphyses.","Probably Male",
"ET40","2","3","3","2","3","Ambiguous","Prob Female (Present)","Ambiguous (3)","Female","Female","Female","Female",,"Phase 5 25-83","Phase 9 45-49","45-50","Phase 6 45-49","2","2","2","2","2","2","3","3","2","1","45.2, 12.6","56.2, 8.5",,,,,,,,,,,,,,,,,,,,,,,,,,,,,,,,,,,,,"Probably Female","H 40-50 X / 40-45 N"
"ET41","2","3","3","4","4","Ambiguous",,,,,,,,,,,,"3","3","3","2","2","2",,,,,"45.2, 12.6",,,,,,,,,,,,,,,,,,,,,,,,,,,,,,,,,,,,,,"Probably Female","G 35-40"
"ET42",,,,,,,,,,,,,,,,,,,,,,,,,,,,,,,,,,,,,,,,,,,,,,,,,,,,,,,,,,,,,,,,,"Measurements indicate probable male.  These bones are quite large.","Probably Male","E 24-30"
"ET43","4","4","3","3","3","Ambiguous","Prob Male (Absent)","Probably Male (4)","Male","Male","Male","Male","Phase 4 23-57",,"Phase 6 30-35","31-40","Phase 4 35-39","2","2","2","2","2","3","0","0","1","1","45.2, 12.6","41.1, 10.1",,,,,,,,,,,,,,,,,,,,,,,,,,,,,,,,,,,,"Although suture age is older, the pelvis indicates a male in his late 30s.","Probably Male","G 35-40"
"ET44","4","3",,,"4","Ambiguous","Prob Male (Absent)","Probably Male (4)",,,,"Prob Male",,,,,,,,,,,,,,,,,,"1","3","3","3","3","1","3","3","1","4","4","1","1","1","3","3","3","1","3","1","3","3","3","3","2","1","2","2","1","1","1","1","1","15 - 20","21+","M3s are erupted, in occlusion, and have wear.  Auricular surface is too degraded to determine age.","Probably Male","D 20-24"
"ET45","2","4","4","3","4","Prob Male","Prob Male (Absent)","Ambiguous (3)","Male",,"Male","Prob Male",,,,,,,,,,,,,,,,,,"1","3","3","3","3","1","3","3","1","3","3","1","1","2","1","3","2","1","3","1","2","2","2","3","1","3","2","2","3","3","2",,"3","15 - 20","15, 3","Root closure of the M3 indicates a teenager around 19.","Probably Male","C 18-22"
"ET51","3","3",,,"3","Ambiguous","Prob Male (Absent)","Probably Male (4)","Male","Male","Female","Prob Male","Phase 4 23-57",,"Phase 7 35-39","35-45","Phase 5 40-44",,,,,,,,,,,,,,,,,,,,,,,,,,,,,,,,,,,,,,,,,,,,,,,,"Ischiopubic ramus is quite thin, but the ventral arc and subpubic concavity are male, as is the sciatic notch.","Probably Male","H 40-50 X / 40-45 N"
"ET52","2","3","4","4","3","Prob Male",,,,,,,"20",,,,,"1","1","1","1","0","1","0","0","1","0","34.7, 7.8","36.2, 6.2",,,,"3","3","2","3","3","2","3","3","2","2","3","3","3","3","3","3","3",,,,,,,,,,"3","3",,,"20-30","21+","Age based on the partial fusion of the annular rings of the vertebral bodies and the medial clavicle.  Both of these, as well as lack of lots of dental wear and occlusion of M3s, put this individual around 20-30 (probably mid-20s).","Probably Male","B2 16-20"
"ET53",,"3","2","2",,"Prob Female","Prob Male (Absent)","Probably Male (4)",,,,"Prob Male",,,,"40-44","Phase 5 40-44",,,,,,,,,,,,,,,,,,,,,,,,,,,,,,,,,,,,,,,,,,,,,,,,,"Probably Male",
"ET54",,,,,,,,,,,,,,,,,,,,,,,,,,,,,,,,,,,,,,,,,,,,,,,,,,,,,,,,,,,,,,,,,"Based on size, this individual was under 5 years old.  It's impossible to narrow down the range further.",,
"ET55",,,,,,,,,,,,,,,,,,,,,,,,,,,,,,,,,,,,,,,,,,,,,,,,,,,,,,,,,,,,,,,,,"I am unsure which teeth are present, since I cannot extract them.  They appear to be an NM1 and a dNM1, which would put this child at around 6-18 months old.  This would fit reasonably well with the size of the cranium fragments present.",,
"ET56",,,,,,,,,,,,,,,,,,,,,,,,,,,,,,,,,,,,,,,,,,,,,,,,,,,,,,,,,,,,,,,,,"These are the bones of a neonate based on general size.  However, it is impossible to separate them and impossible to measure them, so I cannot pin down an age range any better than neonate.",,
"ET57","3","4","3","3","3","Ambiguous",,,,"Male","Male","Prob Male","Phase 5 27-66",,"Phase 9 45-49","45-55",,,,,,,,,,,,,,,,,,,,,,,,,,,,,,,,,,,,,,,,,,,,,,,,,"Pubic symphysis age was done on sight, although only part of the R symphyseal surface is evident.  It is flat, with no apparent relief, and slight dorsal lipping.  I feel pretty confident in an age assessment of 40-50 years old.","Probably Male","I 45-55"
"ET58","1","2","1","1","3","Female","Prob Female (Present)","Probably Female (2)",,,,"Prob Female",,,,"40-45","Phase 5 40-44","1","0","1","1","1","2","1","1","1","1","39.4, 9.1","43.4, 10.7",,,,,,,,,,,,,,,,,,,,,,,,,,,,,,,,,,,,"No pubic symphyses present.  Auricular surface and suture closure suggests early 40s.","Probably Female","F 30-35"
"ET62","3","4","4","5","3","Prob Male","Prob Male (Absent)","Ambiguous (3)","Male","Ambiguous",,"Prob Male",,,,"31-40","Phase 4 35-39",,,,,,,,,,,,,,,,,,,,,,,,,,,,,,,,,,,,,,,,,,,,,,,,,"Probably Male","H 40-50 X / 40-45 N"
"ET63",,,,,,,,,,,,,,,,,,,,,,,,,,,,,,"1","3","3","3","3","1","3","2","1","3","2","1","1","1","1","1","1","1","1","1","1","1","1","1","1","1","1","1","1","1","1",,"1","5 - 10","8, 2","Dental eruption puts this subadult between 7 and 9 years old (7 for first molar and incisor development, 9 for second molar development).  Epiphyseal closure puts this individual in the younger age range, but that could be on account of nutrition.",,
"ET64",,,,,,,,,,,,,,,,,,,,,,,,,,,,,,"1","1","1","1","1","1","1","1","1","1","1","1","1","1",,,"1","1","1",,,,,"1","1","1","1","1","1","1","1","1","1","Birth - 5","6mo, 3mo","Dental development indicates a child of somewhere between 6 and 9 months of age.  Long bone development seems to indicate about one year old.",,
"ET65",,,,,,,,,,,,,,,,,,,,,,,,,,,,,,,,,,,,,,,,,,,,,,,,,,,,,,,,,,,,,,,"Birth - 5","Birth, 2mo","Probable neonate based on what I can see of tooth development and eruption.",,
"ET66",,,,,,,,,,,,,,,,,,,,,,,,,,,,,,,,,,,,,,,,,,,,,,,,,,,,,,,,,,,,,,,"Fetal","7mo, 2mo in utero","Long bone length indicates a fetus.  Dental development of RXI1 and RXI2 indicates somewhere from 7 months in utero to neonate.",,
"ET67",,,,,,,,,,,,,,,,,,,,,,,,,,,,,,"1","3","3","3","3","1","3","3","1","3","3","1","1","3",,"3","3","3","3",,,,,"3","3","3","3","3","3","3",,,,"10 - 15","12, 3","Based on root development and 3rd molar development, this individual was around 12.  Measurement of the femur indicates 9 years old, so perhaps this individual suffered a nutritional deficiency.",,
"ET68","3","2","3","1","3","Ambiguous","Prob Female (Present)","Female (1)","Female","Female","Female","Female",,"Phase 5 25-83","Phase 8 40-45","41-50","Phase 5 40-44","0","0","1","1","0","1","1","0","1","0","34.7, 7.8","41.1, 10.1",,,,,,,,,,,,,,,,,,,,,,,,,,,,,,,,,,,,"All age indicators point to an age range of 40-50.","Probably Female","G 35-40"
"ET69","5","3","2","5","4","Prob Male","Prob Male (Absent)","Male (5)","Male","Male","Male","Male","Phase 2 19-34",,"Phase 4 25-26","25-30","Phase 2 25-29","1","1","2","1","1","1","1","1","1","0","39.4, 9.1","41.1, 10.1",,,,,,,,,,,,,,,,,,,,,,,,,,,,,,,,,,,"21+","Interestingly, Fordisc thinks it's female from the skull, although the nonmetric cranial traits strongly suggest otherwise.  Cranial suture closure is very far off for this individual, perhaps as a result of taphonomy?  M3s are in full occlusion and worn.","Probably Male","C 18-22"
"ET70","3","3","2","3","3","Ambiguous","Prob Female (Present)","Ambiguous (3)","Female","Female","Female","Female",,"Phase 5 25-83","Phase 9 45-49","45-50",,"2","2","2","2","2","2","0","1","1","1","45.2, 12.6","41.1, 10.1",,,,,,,,,,,,,,,,,,,,,,,,,,,,,,,,,,,,"Auricular surfaces are present but ""fossilized"" and it's hard to distinguish any of the features required for aging the skeleton.","Probably Female",
"ET72","4","3","5","5","4","Male","Prob Male (Absent)","Probably Male (4)","Male","Male","Male","Male","Phase 4 23-57",,"Phase 7 35-39","35-45","Phase 5 40-44","1","2","2","1","1","1","0",,,,"39.4, 9.1",,,,,,,,,,,,,,,,,,,,,,,,,,,,,,,,,,,,,"Measurements put the cranium as male and the postcranial skeleton as female.  However, height is definitely in the male range at 5'8"".","Probably Male","H 40-50 X / 40-45 N"
"ET73",,,,,,,,,,,,,,,,,,,,,,,,,,,,,,,,,,,,,,,,,,,,,,,,,,,,,,,,,,,"1","1",,"1","10 - 15","15, 3","Eruption and nearly complete occlusion of M2 indicates an age of around 12-15; partial fusion of the calcaneal epiphysis indicates 12-15 as well.",,
"ET76","1","3",,,,"Ambiguous","Prob Male (Absent)","Probably Female (2)","Male","Male","Male","Prob Male",,,,,,,,,,,,,,,,,,"1","3","3","3","3","1","3","3","1","3","3","1","1","2","2","3","1","1","1","1","1","1","1","1","1","1","2","1","1","1","1","2","1","10 - 15","15, 3","Femur length indicates a subadult around 13-14 years old (male).  Epiphyseal closure puts this subadult around 12-15.  Dental development puts this individual around 15 years old.  See notes in data collection diary.","Probably Male","B1 16-20"
"ET77","2","4",,,"4","Prob Male",,"Male (5)",,"Male","Male","Male","Phase 3 21-46",,"Phase 6 30-35","30-35",,"2","3","2",,,,,,,,"39.4+",,,,,,,,,,,,,,,,,,,,,,,,,,,,,,,,,,,,,,"Probably Male","G 35-40"
"ET79","2","3","2","3","3","Ambiguous","Prob Male (Absent)","Probably Male (4)","Male","Male","Male","Male","Phase 3 21-46",,"Phase 6 30-35","25-35","Phase 3 30-34","1","1","2","2","1","1","0","0","1","0","39.4, 9.1","36.2, 6.2",,,,,,,,,,,,,,,,,,,,,,,,,,,,,,,,,,,,,"Probably Male","G 35-40"
"ET79C",,,,,,,,,,,,,,,,,,,,,,,,,,,,,,,,,,,"1",,,,,,"1",,,,,,,,,,,,,,,,,,"1",,,,,"12, 3","Closure of the apex of the NM2s indicates this individual was between 12-15 years old.",,
"ET80",,,,,,,,,,,,,,,,,,,,,,,,,,,,,,,,,,,,,,,,,,,,,,,,,,,,,,,,,,,,,,,,,,"Probably Male","F 30-35"
"ET82","2","4","4","4","4","Prob Male","Prob Male (Absent)","Male (5)","Male","Male","Male","Male","Phase 3 21-46",,"Phase 6 30-35","25-35","Phase 3 30-34","2","2","2","2","1","1","1","1","2","0","39.4, 9.1","41.1, 10.1",,,,,,,,,,,,,,,,,,,,,,,,,,,,,,,,,,,,,"Probably Male","G 35-40"
"ET83",,,,,,,,,,,,,,,,,,,,,,,,,,,,,,"1","1","1","1","1","1","2","1","1","1","1","1","1","1",,,,"1","1","1",,,,"1",,"1","1","1","1","1","1","1","1","Birth - 5","9mo, 3mo","Dental development indicates 9 months old, and long bone measurements indicate .5-1.5 years old.",,
"ET85","4","3","1","2","3","Ambiguous","Prob Female (Present)","Probably Female (2)","Female","Female","Female","Female",,"Phase 5 25-83","Phase 9 45-49","45-55","Phase 6 45-49","1","1","1","1","1","3","1","0","0","0","39.4, 9.1","41.1, 10.1",,,,,,,,,,,,,,,,,,,,,,,,,,,,,,,,,,,,"Vault age is a bit too young for this individual, and molar wear age surprisingly matches up (because her molars are significantly worn).","Probably Female","I 45-55"
"ET87","4","3","4","4",,"Prob Male","Prob Male (Absent)","Probably Male (4)",,"Male","Ambiguous","Prob Male",,,,"41-50","Phase 5 40-44","2","3","3","2","1","1",,,,,"45.2, 12.6",,,,,,,,,,,,,,,,,,,,,,,,,,,,,,,,,,,,,"Based on the auricular surface and cranial suture closure, this individual was in his early 40s.","Probably Male",
"ET87B",,,,,,,"Prob Female (Present)","Female (1)",,,,"Prob Female",,,,"31-40","Phase 4 35-39",,,,,,,,,,,,,,,,,,,,,,,,,,,,,,,,,,,,,,,,,,,,,,,,,"Probably Female",
"ET87C",,,,,,,,,,,,,,,,,,,,,,,,,,,,,,,,,,,,,"1",,,,,,,,,,,,,,,,,,,,,,,,,,"Fetal",,"Vertebral bodies are small, even for C verts.  I think that this was a fetus, although I am not sure how old, since the C centra form in the first trimester.",,
"ET9","4","3",,,,"Ambiguous","Prob Male (Absent)","Probably Male (4)",,,,"Prob Male",,,,"30-40","Phase 3 30-34","1","2","2","2",,"2","0",,,,"39.4, 9.1",,,,,,,,,,,,,,,,,,,,,,,,,,,,,,,,,,,,,,,
"ET90",,,,,,,,,,,,,,,,,,,,,,,,,,,,,,,,,,,,"3","2","1","3","2","1","1","1","1","1","1","1","1","1","1","1",,"1","1","1","1","1","1","1","1","1","1","10 - 15",,"Long bone length = 12-13 years old.  Based on size of the femur head (considering the age), this might have been a male.",,
"ET92",,,,,,,"Prob Male (Absent)","Probably Male (4)",,,,"Prob Male",,,,"41-50","Phase 5 40-44",,,,,,,,,,,,,,,,,,,,,,,,,,,,,,,,,,,,,,,,,,,,,,,,"Auricular surface age is a bit tricky, since the L one appears to be affected by arthritis of the sacroiliac joint at the auricular surface.  The R one, however, gives an age of around 35-45.","Probably Male",
"ET93",,,,,,,,,,,,,,,,,,,,,,,,,,,,,,"3","3","3","3","3","1","3","2","1","3","2","1","1","1","1","1","1","1","1","1","1","1","1","1","1","1","1","1","1","1","1","1","1","5 - 10","10, 30mo","Long bone measurements put this child around 8-9.  Dental eruption places the child a bit older, around 10 years old, although to be safe I'd say a range of 9-11 for teeth (younger b/c of deciduous teeth, older for M3 development).",,
"ET95","5","5",,,"3","Prob Male","Prob Male (Absent)","Ambiguous (3)","Male","Male","Male","Male","Phase 3 21-46",,"Phase 6 30-35","30-35","Phase 3 30-34",,,,,,,,,,,,,,,,,,,,,,,,,,,,,,,,,,,,,,,,,,,,,,,,,"Probably Male",
"ET96",,,,,,,"Prob Male (Absent)","Probably Male (4)","Male","Male","Male","Male","Phase 3 21-46",,"Phase 5 27-30","25-30","Phase 2 25-29",,,,,,,,,,,,,,,,,,,,,,,,,,,,,,,,,,,,,,,,,,,,,,,,,"Probably Male",
"ET97",,,,,,,,,,,,,,,,,,,,,,,,,,,,,,,,,,,,,,,,,,,,,,,,,,,,,,,,,,"1","1","1",,,,,"Long bone length puts this child around 4 years of age.",,
"ET98","3","3","4","4","3","Ambiguous","Prob Male (Absent)","Male (5)",,,,"Prob Male",,,,"31-40","Phase 3 30-34",,,,,,,,,,,,,,,,,,,,,,,,,,,,,,,,,,,,,,,,,,,,,,,,"Pubic symphyses are too degraded to tell age or sex.  Cranial sutures are open because of soil pressure.  Age is based solely on auricular surface condition, and sex is based mostly on postcranial metrics and pelvic nonmetrics.","Probably Male","E 24-30"
"F10A","2","3","3","3","2","Ambiguous","Prob Female (Present)","Probably Male (4)","Ambiguous","Male","Male","Prob Male","Phase 5 27-66",,"Phase 9 45-49","51-60","Phase 7 50-59","2","2","3","1","2","2","3","3","9","0","45.2, 12.6","45.5, 8.9",,,,,,,,,,,,,,,,,,,,,,,,,,,,,,,,,,,,"Both cranial and postcranial measurements give a sex estimate of male, no matter which variables are put in.  Because of the height and the pelvis, I am going to classify this individual as probably male.  Age is over 45, probably 50-60.","Probably Male",
"F10B",,,,,,,,,,,,,,,,,,,,,,,,,,,,,,,,,"3","3","1","3","2","1","3","2","1","1","1","1","1","1","1","1","1","1","1",,"1","1","1","1","1","1","1","1","1","1","5 - 10","7, 2",,,
"F10C",,,,,,,,,,,,,,,,,,,,,,,,,,,,,,,,,,,,,,,,,,,,"1","1","1","1","1","1",,,,"1","1","1","1","1","1","1",,,,"5 - 10","9, 2","Dens of C2 is unfused.",,
"F10D",,,,,,,,,,,,,,,,,,,,,,,,,,,,,,,,,,,,,,,,,,,"1","1","3",,,,,,,,,,,"1",,"1","1","1",,,"10 - 15","11, 30mo","Epiphyseal closure puts this individual at 9-12, and tooth eruption around 11.",,
"F10E",,,,,,,,,,,,,,,,,,,,,,,,,,,,,,,,,,,,,,,,,,,,,,,,,,,,,,,,,,,,,,,,,"Probably male based on Fordisc analysis of three tibia measurements only.","Probably Male",
"F11A","2","4","1","2","3","Prob Female","Prob Male (Absent)","Probably Female (2)","Female","Female","Female","Female",,"Phase 4 26-70","Phase 7 35-39","35-40","Phase 4 35-39","0","0","2","2","1","1","2","0","0","1","39.4, 9.1","41.1, 10.1",,,,,,,,,,,,,,,,,,,,,,,,,,,,,,,,,,,,"Dental age actually matches up for one.  Weird.  All pelvic age estimates and sutural closure estimates are in the exact same range - late 30s.","Probably Female","G 35-40"
"F11B","3","3","3","3","4","Ambiguous","Prob Male (Absent)","Male (5)","Male","Male","Male","Male","Phase 4 23-57",,"Phase 6 30-35","31-40","Phase 4 35-39","2","2","3","3","2","3","0","0","1","0","45.2, 12.6","41.1, 10.1",,,,,,,,,,,,,,,,,,,,,,,,,,,,,,,,,,,,"Although cranial suture closure puts this individual a little bit older, I think he's about in his mid-30s.","Probably Male","D 20-24"
"F11C",,,,,,,,,,,,,,,,,,,,,,,,,,,,,,"1","3","3","3","3","3","3","3","1","3","3","1","1","1","3","1","1","1","1","1","1","1","1","1","1","1","1","1","1","1","1","1","1","10 - 15","12, 3","Calcaneal epiphysis not fused; MC1 bases unfused; coracoid process unfused",,
"F11D",,,,,,,,,,,,,,,,,,,,,,,,,,,,,,,,,,,,,,,,,,,,,,,"1","1","1",,,,,,,,,,,,,,,,"Based on epiphyseal closure, this subadult was younger than 20, and based on length, older than 5. My best estimation is that this individual was between 6 and 10 years of age (length of ulna).",,
"F12A","3","4","2","3","3","Ambiguous","Prob Female (Present)","Probably Male (4)","Male","Ambiguous","Male","Prob Male","Phase 3 21-46",,"Phase 5 27-30","25-35","Phase 3 30-34","1","1","1","1","1","2","2","2","0","0","39.4, 9.1","43.4, 10.7",,,,,,,,,,,,,,,,,,,,,,,,,,,,,,,,,,,,"Fordisc is 100% certain that based on measurements, this is male.  Cranial morphology is ambiguous, and large sections of the pelvis are missing.  Pelvis puts age at 25-35, cranial suture closure at 35-50.  Will err on the older side, 31-40.","Probably Male","D 20-24"
"F13A",,,,,,,,,,,,,,,,,,,,,,,,,,,,,,"1","2","2","3","3","1","3","3","1","3","3","1","1","1","1","1","1","1","1","1",,,,"1","1","1","1","1","1","1","1","1","1","5 - 10","7, 2","Measurements indicate this child is likely older than 5, tooth eruption puts the child around 7.  Epiphyseal closure in Baker's 6-9 year old range.",,
"F13B",,,,,,,,,,,,,,,,,,,,,,,,,,,,,,,,,,,,"3","1","1","3","3","1","1","1","1","1","1","1","1","1",,"1","1","1","1","1","1","1","1",,"1",,,"Birth - 5","5, 16mo","Dental development is about 5 years old.  Based on long bone lengths, Bass puts this child at 4 years old.  Epiphyseal closure from Baker puts the child at 3-6 years old.",,
"F13C","2","1","3","3","2","Prob Female","Prob Female (Present)","Probably Female (2)","Female","Female","Female","Female",,"Phase 4 26-70","Phase 8 40-45","41-50","Phase 5 40-44","0","0","0",,,,,,,,,,,,,,,,,,,,,,,,,,,,,,,,,,,,,,,,,,,,,"Because the skull is in pieces, it is difficult to tell cranial suture closure levels.  Ortner (p.416) says that internal frontal hyperostosis affects females 100:1 over males and it affects postmenopausal women.","Probably Female","E 24-30"
"F1A","1","3","2","1","2","Female","Prob Female (Present)","Ambiguous (3)","Ambiguous","Female","Female","Prob Female",,"Phase 1 15-24",,"15-24",,,,,,,,,,,,,,"1","3","3","3","3",,"3","3","2","3","3","2","1","1","1","3","2","1","3","1","2","2","1","2","1","1","2","1","1","1","1","1","1","15 - 20","15, 3","Epiphyseal closure puts this individual around 14-16 years old.  Fordisc thinks this is a male based on cranial measurements, which is a little odd.","Probably Female","B1 16-20"
"F1B","2","4","3","2","3","Ambiguous","Prob Male (Absent)","Probably Female (2)","Male","Ambiguous","Ambiguous","Ambiguous","Phase 3 21-46",,"Phase 6 30-35","30-40","Phase 3 30-34","2","1","2","2","2","2","1","1","1","0","45.2, 12.6","41.1, 10.1",,,,,,,,,,,,,,,,,,,,,,,,,,,,,,,,,,,,"Although Todd and auricular surface put this individual in his early 30s, suture closure indicates an individual closer to his 40s.  Because Suchey-Brooks can also be construed older, I put this individual at 31-40.","Probably Male",
"F1C","2","2","2","3","3","Prob Female","Prob Female (Present)","Female (1)","Female","Female","Female","Female",,"Phase 5 25-83","Phase 10 50+","50-60","Phase 7 50-59","1","1","2","2","2","2","0","1","0","0","39.4, 9.1","41.1, 10.1",,,,,,,,,,,,,,,,,,,,,,,,,,,,,,,,,,,,"Cranial suture closure is a little too low, and dental wear is extremely low.  Pelvis gives a solid age determination of early 50s, however.","Probably Female","G 35-40"
"F1D",,"3","3","4","3","Ambiguous","Prob Male (Absent)","Probably Male (4)","Male","Male","Male","Male",,,,,,,,,,,,,,,,,,"1","3","3","3","3",,"3","3","1","3","3","1","1","1","1","3","3","1","3","1","1","2","1","3","1","1","2","1","1","1","1","1","1","15 - 20","15, 3","Epiphyseal closure puts this individual around 16-18 years (Baker et al glenoid fossa, Standards chart). Probably male based on pelvic traits.",,
"F2A",,,,,,,,,,,,,,,,,,,,,,,,,,,,,,,,,,,,,,,,,,,,,,,,,,,,,,,,,,,,,,,,,"As with F2B, bone measurements indicate male until long bone lengths are thrown into the mix.  Because Romans were shorter than modern populations, I am estimating this individual as male.","Probably Male",
"F2B",,,,,,,,,,,,,,,,,,,,,,,,,,,,,,,,,,,,,,,,,,,,,,,,,,,,,,,,,,,,,,,,,"With long bone lengths, Fordisc thinks this is female.  With those removed, male.  The Roman population tended to be smaller than modern people, so I am erring on the side of male.","Probably Male",
"F2C",,,,,,,,,,,,,,,,,,,,,,,,,,,,,,,,,,,,,,,,,,"1",,,,,,,,,,,,,,,,,,,,,,,"Max length of this clavicle, seriated against the other children in this population, gives an age around 8 to 10 years old.",,
"F3A",,"3","4","5",,"Male",,,,,,,,,,,,"2","3","3","3","3","2",,,,,"48.8, 10.5",,,,,,,,,,,,,,,,,,,,,,,,,,,,,,,,,,,,,"Suture closure indicates at least the above age range.","Probably Male",
"F3B",,,"3",,,"Ambiguous",,,,,,,,,,,,,,,,"2","2",,,,,,,,,,,,,,,,,,,,,,,,,,,,,,,,,,,,,,,,,,"Sutural closure indicates at least an average of 35 years old.","Probably Male","G 35-40"
"F3C","4","4","3","4","3","Prob Male","Prob Male (Absent)","Male (5)","Male","Male","Male","Male","Phase 4 23-57",,"Phase 8 40-45","35-50","Phase 6 45-49","1",,,"2","2","2","3","3","2","0",">40","45.5, 8.9",,,,,,,,,,,,,,,,,,,,,,,,,,,,,,,,,,,,"Most of the age markers indicate this individual was in the 41-50 age range, except Suchey and Brooks.  Phase 4's average is 35 for males, with a range from 23-57.","Probably Male","I 45-55"
"F4A",,,,,,,,,,,,,,,,,,,,,,,,,,,,,,"1","3","3","3","3","3","3","2","1","3","3","1","1","1","3","1","1","1","1",,"1","1","1","1","1","1","1","1",,"1","1","1","1","10 - 15","11, 30mo","Dental development - 11 or 12 (11 b/c of canine unerupted, 12 because of NM2s in occlusion).  Lack of fusion of distal humerus puts this individual anywhere between 8 and 16.",,
"F4B","4","2","2","2","2","Prob Female","Prob Female (Present)","Female (1)","Female","Female","Female","Female",,"Phase 5 25-83","Phase 9 45-49","51-60","Phase 7 50-59","2","2","3","2","2","2","3","3","1","1","48.8, 10.5","51.9, 12.5",,,,,,,,,,,,,,,,,,,,,,,,,,,,,,,,,,,,"This woman was probably about 50 when she died.  Dental wear is significant, there is arthritis, so I am erring on the older side for age range.","Probably Female","G 35-40"
"F4C","1","4","3",,"2","Ambiguous","Prob Male (Absent)","Ambiguous (3)","Male","Male","Ambiguous","Prob Male",,,,,,,,,,,,,,,,,,,"3","3","3","3","2","3","3","2","3","3","2","1","1","2","3","3","1","3",,"2","2","2","3","2","1","2","2","1","2","2",,,"15 - 20","15, 3","Roentogenic measurements from long bones (Bass) indicate this individual was a male around 16 years old.  Skull is ambiguous.  Pelvis is probably male.  No ventral arc present.  M3s have erupted, aren't in full occlusion. Skull male, postcranium female.","Ambiguous",
"F4D",,,,,,,,,,,,,,,,,,,,,,,,,,,,,,,,,,,,,,,,,,,"1",,,,"1",,,,,,"1",,,,"1",,"1","1",,,"10 - 15",,"Epiphyseal closure does not help narrow down this child's age very well.  Based on the size of the epiphyses, I am guessing this child was at the younger end of the 11-15 age range, probably 10-12.",,
"F5A","5","3","4","4","3","Prob Male","Prob Male (Absent)","Ambiguous (3)","Male","Male","Male","Male","Phase 2 19-34",,"Phase 3 22-24","20-25",,"1","0","0","2","1","1","0","0","1","0","34.7, 7.8","36.2, 6.2",,,,,,,,,,,,,,,,,,,,,,,,,,,,,,,,,,,,"Age from pelvis is much younger than sutures.  This man was probably in his mid 20s.","Probably Male","E 24-30"
"F6A",,,,,,,,,,,,,,,,,,,,,,,,,,,,,,,,,,,,,,,,,,,,,,,,,,,,,,,,,,,,,,,,,"No cranium or pelvis for age and sex.  Measurements put this individual in the possibly female - to - undetermined sex range.  Stature puts the individual in the undetermined category too.","Probably Female",
"F6B",,,,,,,,,,,,,,,,,,,,,,,,,,,,,,,,,,,,"3","3",,,,,,"1",,"1","1","1",,,,,"1","1","1","1",,,,,,"1","1","5 - 10",,"Child appears to be between 6 and 10 years old, probably more like between 6-8 years old (based on distal humeral epiphysis and size).",,
"F6C",,,,,,,,,,,,,,,,,,,,,,,,,,,,,,,,,,,,,,,,,,,"1","1","1",,,,,,,,,,,"1","1","1",,,,,"Birth - 5","6mo, 3mo","Dental eruption analysis (following teeth found on 6/05/07) indicates the child was a neonate, around 6 months old.",,
"F6D",,,,,,,,,,,,,,,,,,,,,,,,,,,,,,,,,,,,,,,,,,,,,,,,,,,,,,,,,,,,,,,,,"Foot bones only indicate adult, not whether the individual was male or female.",,
"F6E","2","4","2","1","2","Prob Female","Prob Female (Present)","Female (1)","Female","Female","Female","Female",,"Phase 5 25-83","Phase 10 50+","55-65","Phase 7 50-59","1","1",,,,,"0","2","1","1",,,,,,,,,,,,,,,,,,,,,,,,,,,,,,,,,,,,,,"Auricular surface could be phase 8; it's kind of unclear the differences between 7 and 8.  I therefore think this woman was in her late 50s or early 60s when she died. Dental wear is significant although it's likely extramasticatory.  Skull M, postcr F.","Probably Female","I 45-55"
"F7A",,,,,,,,,,,,,,,,,,,,,,,,,,,,,,,,,,,,,,,,,,,,,,,"1",,,,,,,,,"3","2","1","2","2","1","2","15 - 20",,"In the younger end of this age range based on distal femur epiphysis.  Probably 14-16 years old.  Probably a female based on measurements.  Femur head, for example, is completely fused with just hairline evidence of fusion, so sex was estimated.","Probably Female",
"F7B","3","4","1","1","3","Ambiguous","Prob Male (Absent)","Male (5)","Male","Male","Male","Male","Phase 1 15-23",,"Phase 1 18-19","15-20",,,,,,,,,,,,,,"1","3","3","3","3",,"3","3","1","3","3","1","1","1","1","3","2","1","3","1","1","1","2","3","1","1","1","1","1","1",,"1",,"15 - 20","15, 3","Root development of M3 puts this individual around 18.  Epiphyseal closure in the 15-20 year old range.  Dental wear is 16-22 (B2 max, C mand).  Cranial meas = F, but postcranial = M.","Probably Male","C 18-22"
"F9B",,,,,,,,,,,,,,,,,,,,,,,,,,,,,,,,,"3","1",,"3","1",,,,,"1","1","1","1","1","1","1","1",,,,"1","1","1","1","1",,"1","1",,"1","Birth - 5","2, 8mo","Long bone measurements of this individual are slightly higher than the average for all .5-1.5 year olds.",,
"F9C","1","3","2",,"3","Prob Female",,,,,,,,,,,,,,,,,,,,,,,,"3","3","3","3","3","3","3","3","2","3","3","2","1","3","3","3",,,"3","3",,,,,,,,,,"3","3","3",,"20+","21+","Young adult individual, probably in the lower 20s based on epiphyseal closure (vert epiph not fused) and tooth wear (near lack of wear).  Measurements also indicate female.  Scapula bottom apex also unfused.","Probably Female","B2 16-20"
"F9D",,,,,,,,,,,,,,,,,,,,,,,,,,,,,,,,,,,,,,,,,,,,,,,,,,,,,,,,"1",,,,,,,,,"Age based on size and comparison with F11C and F4A.  Lack of union of femur head puts this individual under 16, size puts the individual over 10.",,
"T10","3","4","2","3","5","Ambiguous","Prob Male (Absent)","Male (5)",,,,"Prob Male",,,,"31-40","Phase 4 35-39","2","2","2","2","0","1","2","1","2","1","39.4, 9.1","45.5, 8.9",,,,,,,,,,,,,,,,,,,,,,,,,,,,,,,,,,,,"Male individual in his late 30s/early 40s.","Probably Male","F 30-35"
"T11",,,,,,,,,,,,,,,,,,,,,,,,,,,,,,"1","3","3","3","3","3","3","3","1","3","3","1",,"1","2","3","2","1",,"1","1","1","1","1","1","1","1","1","1","1","1",,"1","10 - 15","15, 3","Tooth development is between 12 and 15 based on Ubelaker.  Upper canine appears to be impacted (should have erupted at 10-12 years old).",,
"T12",,,,,,,,,"Male","Ambiguous","Male","Male","Phase 1 15-23",,,,,,,,,,,,,,,,,"1",,,"3","3",,"3","3","1","3","3","1","1","1",,,,,,,"1",,,"3","1",,"2",,"1","1","1",,"1","15 - 20","15, 3","Femoral head diameter is 48mm, so I'm unsure why Fordisc thinks it's female.  Pubis and other signs point to male, however, about 15-17 years old.","Probably Female",
"T13",,"3","2","2","5","Ambiguous",,"Probably Male (4)",,,,"Ambiguous",,,,"60+?","Phase 8 60+",,,,,,,,,,,,,,,,,,,,,,,,,,,,,,,,,,,,,,,,,,,,,,,,"Auricular surfaces are incomplete, but subchondral destruction points to older adult.  Dental wear is off Lovejoy's chart, also indicating older age.  Arthritis in scapula, verts appears to confirm older age.  Sex is unclear; possibly male based on msmts.","Probably Male","I 45-55"
"T14","3","3","4","2","5","Prob Male","Prob Male (Absent)","Probably Male (4)","Male","Male","Male","Male",,,,"30-34","Phase 3 30-34","1","1","3","0","0","0","0",,"0","0","34.7, 7.8",,"3","3","3","3","3","3","3","3","3","3","3","3","1","3","3","3","3","3","3","3","2","3","3","3","3","2","3","3","3","3","3","3","3","20+","21+","Pubic symphysis too degraded to tell age, although there are definite ridges and furrows.  Epiphyseal closure puts him at 25-30 based on Baker.  Auricular surface at about 30, suture closure is within range.  Will put him in 21-30 age category.","Probably Male","B2 16-20"
"T15","4","4","3","4","3","Prob Male","Prob Male (Absent)","Probably Male (4)","Male","Ambiguous","Female","Ambiguous",,,,"35-40","Phase 4 35-39","2","3","3","2","1","1","1","1","0","0","45.2, 12.6","41.1, 10.1",,,,,,,,,,,,,,,,,,,,,,,,,,,,,,,,,,,,"Pelvis and cranial suture closure seem to put this individual around 35 to 40.  Coccyx is fused.","Probably Male","F 30-35"
"T16","5","4","4","5",,"Male",,,,,,,,,,,,"1","1","2","0","0","0",,,,,"34.7, 7.8",,,,,,,,,,,,,,,,,,,,,,,,,,,,,,,,,,,,,"Based on extent of arthritis and tooth wear, I would put this individual in the 41-50 age range.  Note that vault sutural age doesn't include pterion.  However, sutures are surprisingly open.","Probably Male","H 40-50 X / 40-45 N"
"T17",,,,,,,,,,,,,,,,"30-34","Phase 3 30-34",,,,,,,,,,,,,,,,,,,,,,,,,,,,,,,,,,,,,,,,,,,,,,,,"Measurements indicate this individual is a female.  R ilium (auricular surface) yields an age of 30-34.","Probably Female",
"T18","2","3","5","4","3","Prob Male","Prob Male (Absent)","Ambiguous (3)",,,,"Ambiguous",,,,"30-34","Phase 3 30-34","0","0","1","0","0","0","0",,,,"30.5, 9.6",,,,,,,,,,,,,,,,,,,,,,,,,,,,,,,,,,,,,"Late 20s or early 30s.","Probably Male","C 18-22"
"T19","4","4",,,"3","Prob Male","Prob Male (Absent)","Probably Male (4)","Male","Male","Male","Male",,,,"41-50","Phase 5 40-44",,,,,"2","2",,,,,,,,,,,,,,,,,,,,,,,,,,,,,,,,,,,,,,,,,,"Vault sutural age based only on two landmarks.","Probably Male","H 40-50 X / 40-45 N"
"T20",,,,,,,,,,,,,,,,,,,,,,,,,,,,,,,,,"3","3","1","3","2","1","3","3","1","1","1","1","1","1","1","1","1","1","1","1","1","1","1","1","1","1","1","1","1","1","5 - 10","9, 2","Tooth eruption is 9-10 years old (Ubelaker), although with Smith can fairly certainly say 10.  Epiphyseal closure is in the 6-9 year old range (Baker et al.), indicating this child might have lagged in postcranial development.",,
"T21","4","5","4","3","5","Male","Prob Male (Absent)","Probably Male (4)",,,,"Prob Male",,,,,,"0","0","0","0","0","0","0","0","0","0",,,"1","3","3","3","3","1","3","3","1","3","3","1","1","2","3","3","3","1","3","1","1","1","1","3","1","1","2","3","1","1",,,,"15 - 20","21+","M3s are erupted and appear to be in full occlusion.  However, postcranial skeleton (epiphyseal fusion) indicates a young adult, perhaps 18-20 years old.  No pubic symphyses available to study.  R side appears to have fused earlier than left.","Probably Female","D 20-24"
"T22",,"4","2","3","0","Ambiguous","Prob Male (Absent)","Probably Male (4)","Male","Ambiguous","Male","Male","Phase 2 19-34",,"Phase 5 27-30","25-35","Phase 3 30-34",,,,,,,,,,,,,,,,,,,,,,,,,,,,,,,,,,,,,,,,,,,,,,,,"Individual is a male probably in his late 20s.","Probably Male","E 24-30"
"T23","4","4","3","3","4","Prob Male",,"Probably Male (4)","Male","Male","Male","Male",,,,,,"0","0","9","0","0","0","9","9","9","9",,,"1","3","3","3","3","3","3","3","2","3","3","2","1","2","3","3","3","2","3","2","1","1","1","3","2","2","3","3","3","3","3","2","3","20+","21+","Epiphyseal closure = 18 to 22.  Tooth eruption = 20+.","Probably Female","C 18-22"
"T24","4","3","5","5","3","Prob Male","Prob Male (Absent)","Ambiguous (3)","Male","Male","Male","Male","Phase 5 27-66",,"Phase 10 50+","50-60","Phase 7 50-59",,,"2","2",,,,,,,,,,,,,,,,,,,,,,,,,,,,,,,,,,,,,,,,,,,,"Suchey Brooks average = 45.","Probably Male","G 35-40"
"T25",,,,,,,,,,,,,,,,,,,,,,,,,,,,,,,,,,,,,,,,,,,,,,,,,,,,,,,,,,,,,,,,,"Adult based on size and epiphyseal closure.  Could be male based on measurements.","Probably Male",
"T26",,,,,,,,,,,,,,,,,,,,,,,,,,,,,,,,,,,,,,,,,,,,,,,,,,,,,,,,,,,,,,,,,,"Probably Male","E 24-30"
"T27",,,,,,,,,,,,,,,,,,,,,,,,,,,,,,,,,,,,,,,,,,,,,,,,,,,,,,,,,,,,,,,,,"Could be male based on only two measurements that could be taken, humerus max and min diameter (Fordisc).  Anthro notes suggest tooth wear indicates 20-30 years old, but canine wear seems fairly significant.  I would estimate this individual at 30-50.","Probably Male","C 18-22"
"T28","2","3","2","2","3","Prob Female","Prob Female (Present)","Probably Female (2)","Male","Ambiguous","Ambiguous","Ambiguous",,,,"50-59","Phase 7 50-59","3","3","3","2","2","1","0","2","1","0","45.2, 12.6","41.1, 10.1",,,,,,,,,,,,,,,,,,,,,,,,,,,,,,,,,,,,"Sternum, manubrium, and xyphoid process are completely fused.  Dental wear age based on Lovejoy between F and G stages.","Probably Female","G 35-40"
"T29",,,,,,,,,,,,,,,,,,,,,,,,,,,,,,,,,,,,,,,,,,,,,,,,,,,,,,,,,,,,,,,"Birth - 5","3, 1","Dental eruption is 3-4yo.  Crowns more fully formed than 3, but decid tooth roots less developed than 4.  Epiphyseal closure 3-6.  Long bone length of ulna and radius indicates 1.5-2.5, however!  Possibly a child as young as 2?",,
"T30","1",,"2",,"2","Prob Female",,"Ambiguous (3)",,,,"Ambiguous",,,,"40-50","Phase 6 45-49",,,,,,,,,,,,,,,,,,,,,,,,,,,,,,,,,,,,,,,,,,,,,,,,,"Probably Female",
"T31","3","3","2","3","4","Ambiguous","Prob Male (Absent)","Probably Male (4)","Ambiguous","Male","Male","Prob Male",,,,"41-50","Phase 6 45-49","2","2","3","2","1","1",,,,,"39.4, 9.1",,,,,,,,,,,,,,,,,,,,,,,,,,,,,,,,,,,,,"Pubic symphyses are missing, making sex and age estimation difficult.  Teeth are missing and broken, so dental wear age was not assessed (although it was assessed during excavation at 45-50).  Suture closure totals 11 lacking pterion info.","Probably Male",
"T32",,,,,,,,,,,,,,,,,,,,,,,,,,,,,,"1","3","3","3","3",,"3","3","1","3","3","1","1","1","1","1","1","1","1","1","1",,,"1","1","1","1","1","1","1","1","1","1","10 - 15","15, 3","M3 root formation indicates 15 +/- 3, but epiphyseal closure is in the 11-15 age range.  This individual is probably younger than 15, around 12-14.  As usual, Lovejoy is wrong.  Bass's (p.229) chart of femur length in children puts this kid around 11.",,"B1 16-20"
"T33","5","4","3","4","4","Prob Male","Prob Male (Absent)","Probably Male (4)","Male","Male","Male","Male","Phase 5 27-66",,"Phase 9 45-49","40-50",,,,,,"2","2",,,,,,,,,,,,,,,,,,,,,,,,,,,,,,,,,,,,,,,,,,,"Probably Male","E 24-30"
"T34",,,"4",,"5","Prob Male","Prob Male (Absent)",,,"Male",,"Prob Male","Phase 4 23-57",,"Phase 6 30-35","31-40","Phase 4 35-39",,,,,,,,,,,,,,,,,,,,,,,,,,,,,,,,,,,,,,,,,,,,,,,,"Pubic symphysis and auricular surface give an age of 35-39.  Lovejoy is not far off for this individual.","Probably Male","F 30-35"
"T35","1","4","2","2","3","Ambiguous","Prob Male (Absent)","Ambiguous (3)",,,,"Ambiguous",,,,,,,,,,,,,,,,,,"1","3","3","3","3","3","3","3","2","3","3","2","3","2","3","3","3","2","3","1","1","1","1","3","2","2","2","1","2","2","3","1","3","15 - 20","21+","This individual is about 20.  Tooth eruption difficult to pinpoint because of congenital absence of the M3s.  Sex analysis inconclusive from visual traits of the cranium and pelvis.","Probably Male","D 20-24"
"T36",,,,,,,,,,,,,,,,,,,,,,,,,,,,,,,,,"3","3","3","3","3","2","3","3","2","1","1","1","2","2","1","1","1","1","1","1","1","2","1","2","1","2","1",,,,"10 - 15","15, 3","Tooth eruption puts this individual around 15 or 16 years old.  Epiphyseal closure puts the individual between 12 and 15.  Because tooth eruption is plus or minus 3 years, I put this individual around 14-16 years.",,"B1 16-20"
"T37",,"2","3",,"3","Ambiguous","Prob Male (Absent)",,,,,"Ambiguous",,,,"31-40","Phase 3 30-34",,,,,,,,,,,,,,,,,,,,,,,,,,,,,,,,,,,,,,,,,,,,,,,,"Cranial meas = F, postcranial = M.  Very few cranial meas, however.  Little to base nonmetric sex assessment on as well.  Dental age is actually about right, probably because this indiv has heavier attrition than most people.","Probably Male","G 35-40"
"T38","3","1",,,,"Prob Female","Prob Female (Present)",,,,,"Ambiguous",,,,"41-50","Phase 5 40-44","3","3",,,,,,,,,,,,,,,,,,,,,,,,,,,,,,,,,,,,,,,,,,,,,,"Auricular surface is slightly unclear.  It's somewhere between Phase 5 and Phase 6, so this individual was likely in the range of 41-50.  From what I can see, suture closue is probably in line.","Probably Female","F 30-35"
"T39",,,,,"2",,,,,,,,,,,,,,,,,,,,,,,,,,,,,,,,,,,,,"1",,,,,"1",,,,,,,,,"2",,,"2","1",,"1","10 - 15","15, 3","Based on epiphyseal closure and dental formation, I would estimate this individual around 15-17 years old.  Therefore, I will put this individual in the 16-20 age category.  I think it's probably a female from femur head size and the size of other bones.","Probably Female","B1 16-20"
"T40",,"4","4",,,"Prob Male","Prob Female (Present)",,,,,"Ambiguous",,,,"20-24","Phase 1 20-24",,,,,,,,,,,,,,,,,,,,,,,,,,,,,,,,,,,,,,"2",,,,,,,,"20+",,"Can see epiphyseal lines in: iliac crest, rib head.  Coccyx and sternum unfused.  Long bones all fused.  Based on the near fusion of iliac crest and rib head, I put this individual around 20-25 years old based on Baker.","Probably Male","D 20-24"
"T41","1","4",,,,"Ambiguous",,,,,,,,,,,,,,,,,,,,,,,,,,,,,,,,,,,,,,,,,,,,,,,,,,,,,,,,,"15 - 20","15, 3","Max M3s have half of the root developed = 15.5-16.5 years old.  Epiphyseal closure (hand phalanx and MC) just puts the individual at under 20.  Probably in the range of 16-18.  No nuchal crest, but large mastoid.  Possible female?","Probably Female","B2 16-20"
"T42",,"2",,,"2","Prob Female","Prob Male (Absent)","Female (1)",,,,"Prob Female",,,,"31-40","Phase 3 30-34",,,,,,,,,,,,,,,,,,,,,,,,,,,,,,,,,,,,,,,,,,,,,,,,"Pelvis puts this woman in her early 30s, and dental wear aging is too young.  Her dental wear is, however, more than normal.","Probably Female","D 20-24"
"T45",,,,,,,,,,,,,,,,,,,,,,,,,,,,,,,,,,,,,,,,,,,,,,,,,,,,,,,,,,,,,,,,"15, 3","All four M3 tooth crowns have formed, but there are no roots.  None has erupted.  M1s have some wear, M2s have little.  There are no epipyses to confirm an age estimate of 16-20.  Third molar root development indicates 14-15.",,"A 12-18"
"T46",,,,,,,,,,,,,,,,,,,,,,,,,,,,,,,,,"3","1",,"3","1",,"3","1",,,,,,,,,,,,,,,,"1","1",,,,,,"Birth - 5","3, 1","Dental eruption has this child older than 2 and younger than 5.  With so few teeth and bones, it's difficult to narrow down this range.",,
"T47","4","4","3",,"4","Prob Male","Prob Male (Absent)","Ambiguous (3)","Male","Male","Male","Male",,,,"31-40","Phase 3 30-34","1","0","0",,,,,,,,,,,,,,,,,,,,,,,,,,,,,,,,,,,,,,,,,,,,,"There is some closure of the sutures on the vault, which appears to put this individual over 20 but more likely over 30.  Dental wear puts this individual at 18-22, which is definitely wrong.  Mandible was sexed as female, but remainder of msmts are male.","Probably Male","C 18-22"
"T48","4","3","3","3",,"Ambiguous",,,,,,,,,,,,,,,,,,,,,,,,,,,,,,,,,,,,,,,,,,,,,,,,,,,,,,,,,,,"Tooth wear (Lovejoy) indicates this individual might have been between 25-35.  Fordisc thinks this is a female based on measurements (primarily epicondylar breadth of humerus).","Probably Female","E 24-30"
"T49","2",,,,,"Prob Female",,,,,,,,,,,,,,,,,,,,,,,,,,,,,,,,,,,,,,,,,,,,,,,,,,,,,,,,,,,"Size of long bones and carpals makes this a possible male, as does disc funct analysis from Fordisc.","Probably Male","G 35-40"
"T50",,,,,,,,,,,,,,,,,,,,,,,,,,,,,,,,,,,,,,,,,,,,,,,,,,,,,,,,,,,,,,,,,"Measurements indicate female.  Tooth wear indicates a youngish adult.","Probably Female","E 24-30"
"T51A",,,,,,,,,,,,,,"Phase 6 42-87","Phase 10 50+","60+",,,,,,,,,,,,,,,,,,,,,,,,,,,,,,,,,,,,,,,,,,,,,,,,,"Femur head is very small, putting this individual squarely in the female range.  Fordisc confirms with other measurements.","Probably Female",
"T51B",,,,,,,,,,,,,,,,,,,,,,,,,,,,,,,,,,,,,,,,,,,"1","1","1",,,,,,,,,,"1","1","1","1","1",,,,"Birth - 5","6mo, 3mo","Measurements of long bones indicate a child of about 6-9 months, which fits with the dental development.",,
"T52",,,,,,,,,,,,,,,,,,,,,,,,,,,,,,,,,,,,,,,,,,,,,,,,,,,,,,,,,,,,,,,,,"Discriminant function analysis of measurements of leg bones puts this individual as a female according to Fordisc.","Probably Female",
"T53","4","4",,,"3","Prob Male","Prob Male (Absent)","Probably Male (4)",,,,"Prob Male",,,,,,,,,,,,,,,,,,,,,,,,,,,,,,,,,,,,,,,,,,,,,,,,,,,,,"No pubic symphyses, not enough cranium to do age.  Estimated based on wear and lack of arthritis at 20-40.  Excavators estimate 20-30 based on tooth wear.","Probably Male","E 24-30"
"T55",,,,,,,,,,,,,,,,,,,,,,,,,,,,,,,"3","3","3","1","1","3","1","1","3","1","1","1","1","1","1","1","1","1","1","1","1","1","1","1","1","1","1","1","1","1","1","1","5 - 10","6, 2","Long bone measurements indicate the child was 4.5 to 5.5 years old, but tooth eruption indicates 6.  This child was likely around 5-6 years old.",,
"T56",,,,,,,,,,,,,,,,,,,,,,,,,,,,,,,"3","3","3","3","1","3","2","1",,,,"1","2","2","1",,"1","2",,"1","1",,"1","1","1","1","1",,,"1",,"1","10 - 15","15, 3","Subadult of about 14-16 years old based on epiphyseal fusion and dental development.  S4 and S5 are already fused, however (15-20 years).",,
"T57","4","4","0","0","3","Prob Male","Prob Male (Absent)","Ambiguous (3)",,,,"Ambiguous","Phase 3 21-46",,"Phase 6 30-35","31-40","Phase 5 40-44",,,,,,,,,,,,,,,,,,,,,,,,,,,,,,,,,,,,,,,,,,,,,,,,"Pubic symphysis and auricular surface all give different ages.  Difficult to determine because only R pubic symphysis is present.  No cranial elements for suture closure.  Unfused manubrium.  Dental wear too dramatic to use for age purposes.","Probably Male",
"T59","4","5","3","4",,"Prob Male",,"Probably Male (4)",,,,"Prob Male",,,,,,,,,,,,,,,,,,,,,,,,,,,,,,,,,,,,,,,,,,,,,,,,,,,,,"Ectocranium too degraded for suture age estimate.  Endocranial surface, however, shows little evidence of sutures.  Tooth wear and alveolar resorption are significant, putting this individual in the older adult range (40+).","Probably Male","H 40-50 X / 40-45 N"
"T60A",,,,,,,,,,,,,,,,,,,,,,,,,,,,,,"1",,"1","1","1","1","1","1","1","1","1","1",,"1","1","1",,"1","1","1",,,,"1","1","1","1","1","1","1","1",,,"Birth - 5","9mo, 3mo","Child of just under one year old.  Measurement of long bone lengths gives an age range of 6-18mos.",,
"T60B",,,,,,,,,,,,,,,,,,,,,,,,,,,,,,"1","3","1","3","2","1","3","2","1","3","2","1","1","1","1","1","1","1","1","1","1","1","1","1","1","1","1","1","1","1","1","1","1","Birth - 5","3, 1","Measurements put this child between 2.5 and 3.5 years, tooth eruption at 3 years.  Baker et al. puts this child in the 3-6 year age range.  S1 neural arch is fused.",,
"T61","4",,,,"4","Prob Male",,,,,,,,,,,,,,,,,,,,,,,,,,,,,,,,,,,,,,,,,,,,,,,,,,,,,,,,,,,"Additional clues to estimating this individual as a male include the size of the long bones and of the hand bones (very large carpals).","Probably Female","H 40-50 X / 40-45 N"
"T62",,,,,,,,,,,,,,,,,,,,,,,,,,,,,,,,,,,,,,,,,,,,,,,,,,,,,,,,,,,,,,,,"8, 2","Dental eruption puts this child at about 8 years old.",,
"T63A",,,,,,,,,,,,,,,,,,,,,,,,,,,,,,,,,,,,,,,,,,,,,,,,,,,,,,,,,,,,,,,,"9, 2","Tooth eruption puts this subadult between 8-10 years old.",,
"T63B",,,,,,,,,,,,,,,,,,,,,,,,,,,,,,,,,,,,,,,,,,,,,,,,,,,,,,,,,,,,,,,,,,,"B2 16-20"
"T64",,,,,,,,,,,,,,,,,,,,,,,,,,,,,,,,,,,,,,,,,,,,,,,,,,,,,,,,,,,,,,,,,"Probably male based on measurements.","Probably Male",
"T65",,,,,,,"Prob Male (Absent)","Probably Male (4)","Male","Male","Male","Male","Phase 5 27-66",,"Phase 9 45-49","40-50","Phase 5 40-44",,,,,,,,,,,,,,,,,,,,,,,,,,,,,,,,,,,,,,,,,,,,,,,,,"Probably Male",
"T66","4","5",,,"4","Prob Male","Prob Male (Absent)","Male (5)",,,,"Prob Male",,,,,,,,,,,,,,,,,,,,,,,,,,,,,,,,,,,,,,,,,,,,,,,,,,,,,"No pubic symphyses, fragmentary cranium.  Adult, but unclear how old.  Significant wear on third molar puts this individual over 21.","Probably Female","I 45-55"
"T67","3","4","3","4","4","Prob Male","Prob Male (Absent)","Ambiguous (3)","Male","Male","Male","Male","Phase 5 27-66",,"Phase 9 45-49","45-55","Phase 7 50-59","2","3","3","3","2","2","1","1","0","0","48.8, 10.5","41.1, 10.1",,,,,,,,,,,,,,,,,,,,,,,,,,,,,,,,,,,,"49 +/- 10, 40 +/- 10, 27-66, 45-49, 50-59 = probably late 40s, early 50s.  Cranial/mand measurements are female, postcranial are male.","Ambiguous","F 30-35"
"T68A",,"1",,,"2","Prob Female",,,,,,,,,,,,,,,,,,,,,,,,"3",,,,,,,,,,,,,,,,,,,,,,,,,,,,,,,,,"20+","21+","Male skull, female postcranial.","Probably Female","C 18-22"
"T68B",,,,,,,,,,,,,,,,,,,,,,,,,,,,,,,,,,,,,,,,,,"1",,,,,,,,"2",,,"1","1",,,,"1",,,,"1","10 - 15",,"Size and epiphyseal closure points to an individual around 12-15 years of age.",,
"T68C",,,,,,,,,,,,,,,,,,,,,,,,,,,,,,,,,"3","3","1","3","3","1","3","3","1","3",,"3","3",,"3",,,,,,,,,,,,,,,,"5 - 10","7, 2","Tooth eruption puts this kid around 7, and epiphyseal closure and seriation of other subadults concur.",,
"T69A","3","4",,,"3","Ambiguous","Prob Male (Absent)","Probably Male (4)","Male","Male","Male","Male","Phase 5 27-66",,"Phase 9 45-49","45-50","Phase 6 45-49","2","3",,,,,,,,,,,,,,,,,,,,,,,,,,,,,,,,,,,,,,,,,,,,,,"All pelvic aging/sexing techniques agree that this male was in his late 40s when he died.  Measurements indicate he was very gracile.  Skull is male, postcranial is female.","Probably Female","F 30-35"
"T69B",,,,,,,,,,,,,,,,,,,,,,,,,,,,,,"1","1","1","1","1","1","1","1","1","1","1","1","1","1","1","1","1","1","1","1",,,,"1","1","1","1","1","1","1","1","1","1","Birth - 5","Birth, 2mo","Dental chart of Gustafson and Koch puts this infant around 2 months old (devel of central incisors).  Presence of a femoral head epiphysis also argues for an age of a few months old rather than birth.",,
"T7","4","4","4","3","4","Prob Male","Prob Male (Absent)","Male (5)",,"Male","Male","Male",,,,"41-50","Phase 6 45-49",,,,,,,,,,,,,,,,,,,,,,,,,,,,,,,,,,,,,,,,,,,,,,,,"Excavators put him at 25-35 based on dental wear, but it seems higher.  Auricular surface predictably gives a higher age range, in the late 40s.","Probably Male","G 35-40"
"T70",,,,,,,,,,,,,,,,,,,,,,,,,,,,,,"1",,"2","3","3","1","3","2","1","3",,,"1","1","1","1","1","1","1","1",,,,"1","1","1","1","1","1","1","1","1","1","5 - 10","7, 2","Epiphyseal closure is a little slow for this child, but long bone lengths and general closure put him around 6-8.",,
"T71",,,,,,,,,,,,,,,,,,,,,,,,,,,,,,"1","3","1","3","3","1","3","2","1","3","2","1","1","1","1","1",,,,,"1","1","1","1","1","1","1",,,,"1",,"1","Birth - 5","5, 16mo","Baker puts this individual at 3-6 years old.  Not enough complete bones to estimate age based on long bone measurements (Bass).  Will include this child in the 0-5 age range, even if it is likely at the high end of that range.",,
"T72",,,,,,,,,,,,,,,,,,,,,,,,,,,,,,,,,,,,,,,,,,,"1","1","1","1","1","1",,"1","1","1",,,"1",,"1","1","1","1",,"1","10 - 15","12, 3","Tooth eruption is confusing.  The XM2 is root 3/4 (11-12yo), but the XM3s are 13-14.  NM3, however, is 11yo.  Tibia length with epiphyses puts this individual around 11-13.  XM3s have to be anomalous.",,
"T73","3","4","3","4","4","Prob Male","Prob Male (Absent)","Probably Male (4)","Male","Ambiguous","Male","Male","Phase 4 23-57",,"Phase 6 30-35","31-40","Phase 4 35-39","1","1","3","2","1","1","1","1","0","0","39.4, 9.1","41.1, 10.1",,,,,,,,,,,,,,,,,,,,,,,,,,,,,,,,,,,,"Suchey-Brooks is average 35yo.  L auricular surface is Phase 4, but R is Phase 5.  This individual could be towards the older end of the range (late 30s).  Mand dental wear C, max D = 18-24 years old.  Cranial sutures also put him older.","Probably Male","C 18-22"
"T74",,,,,,,,,,,,,,,,,,,,,,,,,,,,,,,,,,,,,,,,,,,,,,,,,,,,,,,,"1","1",,"1",,,,"Birth - 5",,"Age between 1-5 years (probably around 3 years old) based on Baker et al.",,
"T75",,,,,,,,,,,,,,,,,,,,,,,,,,,,,,,,,"3","3","1","3","3","1","3","3","1","3","2",,,,,,,,,,,"1","1","2",,,"1","2",,"1","10 - 15","12, 3","Calcaneal epiphysis and others point towards 12-15 based on long bone development.  Based on third molar development, this adolescent was about 12.",,
"T76","4","4","4","4","3","Prob Male",,"Can't Score (0)",,,,"Undetermined",,,,,,"0","1","1","1","1","2","0","1","1","0","34.7, 7.8","41.1, 10.1",,,,,,,,,,,,,,,,,,,,,,,,,,,,,,,,,,,,"Pubic symphyses not present.  Age determined only by suture closure, sex by secondary cranial traits.  Cranial/mand measurements indicate female, postcranial indicate male.  Probably about 40 years old.","Ambiguous","F 30-35"
"T77","4",,"5","4",,"Prob Male","Prob Male (Absent)","Probably Male (4)",,,,"Prob Male",,,,"31-40","Phase 4 35-39",,,,,,,,,,,,,,,,,,,,,,,,,,,,,,,,,,,,,,,,,,,,,,,,,"Probably Male","E 24-30"
"T79",,,,,,,,,,,,,,,,,,,,,,,,,,,,,,,,,,,,,,,,,,,,,,,,,,,,,,,,,,"1","1","2","1","1","15 - 20",,"Epiphyseal closure puts this individual around 15-16 years of age, and length of the tibia at about 18.","Probably Male",
"T8",,,,,,,,,,,,,,,,,,,,,,,,,,,,,,"1","3","2","3","3",,"3","2","1","3","2","1","1","1","1","1","1","1","1","1","1","1","1","1","1","1","1","1","1","1","1","1","1","5 - 10","8, 2","Dental development is complicated.  See notes.  Long bone length and epiphyseal closure indicate a child around 6 years old, but the dental seems more reliable.",,
"T80",,,,,,,,,,,,,,,,,,,,,,,,,,,,,,"1","3","3","3","3","1","3","3","1","3","3","1","1","1","1","1","1","1","1","1","1","1","1","1","1","1","1","1","1",,,,,"10 - 15","12, 3",,,
"T81","2","5","2","4","3","Ambiguous","Prob Male (Absent)","Male (5)",,,,,,,,"20-30",,"0","1","0","1","1","1","0","1","2","1","34.7, 7.8","41.1, 10.1","3","3","3","3","3","3","3","3","2","3","3","2","2","3","3","3","3","3","3","3","3","3","3","3","3","3","3","3","3","3","3","3","3","20+","21+","Medial clavicle parlty fused = 20-30.  Pelvic symphyses partly disintegrated, but definite ridges and furrows present; auricular surfaces similarly damaged but consistent with 20-30 age range.  Suture closure = 30, M3 eruption/wear = 20-25.","Probably Male","C 18-22"
"T82A",,"2","2","2","3","Prob Female","Prob Female (Present)","Probably Female (2)","Female","Female","Female","Female",,"Phase 4 26-70","Phase 8 40-45","40-50",,,,,,,,,,,,,,,,,,,,,,,,,,,,,,,,,,,,,,,,,,,,,,,,,"Cranium fragmented.  Auricular surface broken.  Age estimated based on pubic symphysis using two methods.  Sex estimated based on cranial and pelvic traits.  Dental wear for mandible = G (35-40), but maxilla = D (20-24).","Probably Female","G 35-40"
"T82B","4","3","3",,,"Ambiguous",,,,,,,,,,,,"2","2","3","3","3","3","1",,,,"48.8, 10.5",,,,,,,,,,,,,,,,,,,,,,,,,,,,,,,,,,,,,"Cranium is female but postcranium is male.  Since this individual is so old, it's probable that this is an older male with changes to the skull or gracility of the skull.","Ambiguous",
"T83A",,,,,,,,,,,,,,,,,,,,,,,,,,,,,,,,,,,,,,,,,,,,,,,,,,,,,,,,,,,,,,,,,"Postcranial measurements indicate probably male (femur head, tibia proximal breadth, etc).","Probably Male",
"T83B",,"4","4","4","3","Prob Male","Prob Male (Absent)","Probably Male (4)","Male","Male","Male","Male","Phase 1 15-23",,"Phase 2 20-21","15-23",,,,,,,,,,,,,,,,,"3","3","3","3","3","3","3","3","3","1","1","3","3","3","1","3","1","1","1","1","3","1","1","2","2","1",,,,,"15 - 20","15, 3","3rd molar complicates age estimate.  Both NM3 are erupted, in full occlusion, with carious lesions but little to no wear.  One lesser trochanter is fused, one is not.  I would put the age of this male around 20 years old.  Msmts = F, prolly age-related.","Probably Female","D 20-24"
"T84",,,,,,,,,,,,,,,,,,,,,,,,,,,,,,,,,"3","3","1","3","3","1","3","3","1","1","2","1","1","1","1","1","1",,,"1","1","1","1","1","1","1","1","1","1","1","10 - 15","15, 3","S4-5 are fused too early.  Calcaneal partial fusion puts this individual on the younger end of the 12-15 age range.  M3 formation puts this individual around 15, but there is a margin of error of several years.",,
"T85",,,,,,,,,,,,,,,,,,,,,,,,,,,,,,,,,,,,,,,,,,,"1","1","3","1","1","1","1",,,,,,,"1","2","1","1","1",,,"10 - 15",,"Based on epiphyseal closure (greater trochanter) and size, I would estimate this individual around 12-15 years old.",,
"T86",,,,,,,,,,,,,,,,,,,,,,,,,,,,,,,,,,,,,,,,,,,,,,,,,,,,,,,,,,,,,,,,,"Adult based on complete epiphyseal closure, probably male based on size of long bones.","Probably Male",
"T9",,,,,,,,,,,,,,,,,,,,,,,,,,,,,,,,,"3","1",,,,,,,,,,"3","3","3","3","3","3",,,,,,,,,,,"3",,"3",,"2, 8mo","Long bone length puts this individual around 0.5 to 1.5 years of age.  Dental development has a range that dips into the 1.5 age range, so this child was probably around 18 months old.",,
"US15A",,,,,,,,,,,,,,,,,,,,,,,,,,,,,,,,,,,,,,,,,,,,,,,,"1","1",,,,,,,"1","1",,"1","1",,,,,"Size and seriation put this individual around 3 to 5 years old.",,
"US15B",,,,,,,,,,,,,,,,,,,,,,,,,,,,,,,,,,,,,,,,,,,,,,,,"1",,,,,,,,,,,"1",,,"1",,"7, 2","Seriation based on size and tooth eruption put this child around 7 years old.",,
"US15C",,,"2","2",,"Prob Female",,,,,,,,,,,,,,,,,,,,,,,,,,,,,,,,,,,,,,,,,,,,,,,,,,,,,,,,,,"21+","RNM3 has just erupted, putting this individual probably around 16-20 years of age.","Probably Female","B2 16-20"
"US15D",,,,,,,,,,,,,,,,,,,,,,,,,,,,,,,,,,,,,,,,,,,,,,,,,,,,,,,,,,,,,,,,,"All epiphyses are closed.  This individual is an adult.","Probably Female",
"US15E",,,,,,,,,,,,,,,,,,,,,,,,,,,,,,,,,,,,,,,,,,,,,,,,,,,,,,,,,,,,,,,,,"Size and robusticity of the remains indicate probably male.","Probably Male",
"US170",,,,,,,,,,,,,,,,,,,,,,,,,,,,,,,,,,,,,,,,,,,,,,,,,,,,,,,,,,,,,,,,"9, 2","Based on only teeth, 9-10 years old.",,
"US31A",,,,,"3","Ambiguous",,,,,,,,,,,,,,,,,,,,,,,,,,,,,,,,,,,,,,,,,,,,,,,,,,,,,,,,,,,"Male based on mandible measurements.","Probably Male","G 35-40"
"US31B",,,,,,,,,,,,,,,,,,,,,,,,,,,,,,,,,,,,,,,,,,,,,,,,,,,,,,,,,,,,,,,,,"Not enough material to do an age or sex assessment.  No measurements taken.",,"I 45-55"
"US36A",,,,,"4","Prob Male",,,,,,,,,,,,,,,,,,,,,,,,,,,,,,,,,,,,,,,,,,,,,,,,,,,,,,,,,,,,"Probably Male","H 40-50 X / 40-45 N"
"US36B",,,,,,,,,,,,,,,,,,,,,,,,,,,,,,,,,,,,,,,,,,,,,,,,,,,,,,,,,,,,,,,,"11, 30mo","2nd molars in full occlusion (12), but LNC not yet erupted (11).",,
"US36C",,,,,"4","Prob Male",,,,,,,,,,,,,,,,,,,,,,,,,,,,,,,,,,,,,,,,,,,,,,,,,,,,,,,,,,"21+","Individual of ambiguous sex based solely on left half of mandible.","Probably Female","C 18-22"
"US36D","2",,"1","2",,"Prob Female",,,,,,,,,,,,,,,,,,,,,,,,,,,,,,,,,,,,,,,,,,,,,,,,,,,,,,,,,,"21+","Probable female of unknown age.","Probably Female","B1 16-20"
"US36E",,,,,,,,,,,,,,,,,,,,,,,,,,,,,,,,,,,,,,,,,,,,,,,,,,,,,,,,,,,,,,,,"12, 3","Hard to tell age with so few teeth.  Older than 12, younger than 21.",,
"US505A",,,,,"5","Prob Male",,,,,,,,,,,,,,,,,,,,,,,,,,,,,,,,,,,,,,,,,,,,,,,,,,,,,,,,,,"21+",,,
"US66A",,,,,,,,,,,,,,,,,,,,,,,,,,,,,,,,,,,,,,,,,,,,,,,,,,,,,,,,,,,,,,,"Birth - 5",,"Age estimate based on size of proximal radius and general size of the R temporal.  Based on Baker et al., this individual was probably around 1.5 years old.",,
"US66B",,,,,,,,,,,,,,,,,,,,,,,,,,,,,,,,,,,,,,,,,,,,,,"1",,,,,,,,,,,,"1",,"1",,,"10 - 15",,"Epiphyseal closure and seriation put this individual in the 11-15 age range.",,
"US66C",,,,,,,,,,,,,,,,,,,,,,,,,,,,,,,,,,,,,,,,,,"1",,"3",,,,,,,,,,,,,,,,,,,"20+","21+","LNM3 was likely in occlusion but not completely based on alveolus.  Dental wear is consistent with a young adult, as is epiphyseal closure.  Measurements indicate likely female, including glenoid fossae.","Probably Female","B2 16-20"
"US66D",,,,,"4","Prob Male",,,,,,,,,,,,,,,,,,,,,,,,,,,,,,,,,,,,"2",,,,,,,,,,,,,,,,,,,,,"20+",,"Measurements and mental eminence indicate probable male.  Partial fusion of the medial clavicle puts this male at probably 25-30 years old but dental wear (seriated) at about 40-50.","Probably Male","G 35-40"
